espanol,damana,categoria,notas,fuente
Cocinera (ave),Abi,Animales,,diccionario wiwa
Arrancar,Abí,Verbos,,diccionario wiwa
Calentar,Abisha,Verbos,,diccionario wiwa
Hiérvalo,Abishi,Verbos,,diccionario wiwa
Fríjol (cimarrón),Abiwa,Plantas / árboles / frutos,,diccionario wiwa
Guama,Abona,Plantas / árboles / frutos,,diccionario wiwa
Madre,Abu,Personas y familia,,diccionario wiwa
Madres,Abundzina,Personas y familia,,diccionario wiwa
Abuela,Abutʉna,Personas y familia,,diccionario wiwa
Padre,Ade,Personas y familia,,diccionario wiwa
Abuelo,Adetʉna,Personas y familia,,diccionario wiwa
Sembrar,Aga,Verbos,,diccionario wiwa
Piénsalo,Agwana,Verbos,,diccionario wiwa
Más,Agʉñi,Conectores / determinantes,,diccionario wiwa
Grande,Aikuia,Adjetivos,115 Palabras,diccionario wiwa
Así es,ajkʉñi,Adverbios / partículas,,diccionario wiwa
Darle,Akawa,Verbos,,diccionario wiwa
regalar,akawa,Verbos,,Presente habitual parte 2
Cantando,Akazhi,Verbos,,diccionario wiwa
Córtelo,Ako,Verbos,,diccionario wiwa
lo cortó,Akó,Verbos,,diccionario wiwa
Pangar,Aku,Otros,,diccionario wiwa
Pequeño,Akuiangʉma,Adjetivos,115 Palabras,diccionario wiwa
Madrastra,Akuneka,Personas y familia,,diccionario wiwa
Pangando,Akushi,Cultura / tradición / espiritualidad,,diccionario wiwa
Laguna sagrada,Akuzhiwa,Naturaleza / geografía,,diccionario wiwa
Pequeño,Akwega,Adjetivos,,diccionario wiwa
Sicar,Akwi,Verbos,,diccionario wiwa
Aguacate,Akʉjtshi,Plantas / árboles / frutos,,diccionario wiwa
Aseguranza,Akʉnduna,Otros,,diccionario wiwa
Así es,Akʉñi,Conectores / determinantes,,diccionario wiwa
Así es,Akʉrru,Adverbios / partículas,,diccionario wiwa
Dañado,Alagumanka,Adjetivos,,diccionario wiwa
Dañelo,Alazha,Verbos,,diccionario wiwa
Lo dañó,Alazhá,Verbos,,diccionario wiwa
Sitio para rendir tributo,Aleka,Cultura / tradición / espiritualidad,,diccionario wiwa
Grande,Alkwega,Adjetivos,,diccionario wiwa
Sangre,Ama,Partes del cuerpo,,diccionario wiwa
Vacío,Amada,Adjetivos,,diccionario wiwa
Ocho (8),Ámbigua,Números,,diccionario wiwa
Ochenta (80),Ambigwa ugwa,Números,,diccionario wiwa
Rómpalo,Ambu,Verbos,,diccionario wiwa
Roto,Ambú,Adjetivos,,diccionario wiwa
Blanco,Ambʉnshi,Adjetivos,,diccionario wiwa
Aguante,Ameda,Verbos,,diccionario wiwa
Se quemó (de cocinar),Amina,Verbos,,diccionario wiwa
Dolor,Amsi,Sentimientos / estados,,diccionario wiwa
Si,An - on,Conectores / determinantes,,diccionario wiwa
Préstalo,Anbwazha,Verbos,,diccionario wiwa
Préstelo,Anbwazhi,Verbos,,diccionario wiwa
Le gusta,Andunga,Otros,115 Palabras,diccionario wiwa
Poner algo,Andwa,Verbos,,diccionario wiwa
Pariendo (en mujer),Angabi,Verbos,,diccionario wiwa
Bebiendo,Angai,Verbos,,diccionario wiwa
Escribir (acompañado de una oración),Ango,Verbos,,diccionario wiwa
Alumbró,Angó afir,Verbos,,diccionario wiwa
Concuñado (de hombre a hombre),Anzhema,Personas y familia,,diccionario wiwa
"Igual, lo mismo",Anzhengwi,Adjetivos,,diccionario wiwa
Cuñada (de mujer a mujer),Anzhirru,Personas y familia,,diccionario wiwa
Cuñado (de hombre a mujer y viceversa),Anzhungwi,Personas y familia,,diccionario wiwa
Eres valioso.,Anzhʉnga mʉnʉnka.,Ánimo,Frases de ánimo,diccionario wiwa
Aporrear,Apashi,Verbos,,diccionario wiwa
Recoger,Ape,Verbos,,diccionario wiwa
Sacar,Apeshi,Verbos,,diccionario wiwa
Parir (en animal),Apisha,Verbos,,diccionario wiwa
Parió (en animal),Apishá,Verbos,,diccionario wiwa
Subir,Argwa,Verbos,,diccionario wiwa
Subió,Argwá,Verbos,,diccionario wiwa
Ñeque,Asalku,Animales,,diccionario wiwa
Sentado,Ashá,Adjetivos,,diccionario wiwa
Siéntese,Asha,Verbos,,diccionario wiwa
Hablando,Ashai,Verbos,,diccionario wiwa
hablar,ashai,Verbos,,Presente habitual parte 2
Hable (en tercera persona),Ashe,Verbos,,diccionario wiwa
Hablé,Ashé,Verbos,,diccionario wiwa
Leyendo,Asheshi,Verbos,,diccionario wiwa
Lea,Asheshisha,Verbos,,diccionario wiwa
Siéntese,Ashi,Verbos,,diccionario wiwa
Pregúntele,Ashizha,Verbos,,diccionario wiwa
Tumbar,Ashunshi,Verbos,,diccionario wiwa
Tía,Asi,Personas y familia,,diccionario wiwa
Hermana mayor,Asi,Personas y familia,115 Palabras,diccionario wiwa
Piedra que se encuentra en la Aleka,Asinkʉna,Conectores / determinantes,,diccionario wiwa
Ordéñelo,Asuizhi,Verbos,,diccionario wiwa
Ordeñar,Aswi,Verbos,,diccionario wiwa
Acuñar,Aswí,Verbos,,diccionario wiwa
Colocar,Ateshi,Verbos,,diccionario wiwa
Tío,Atu,Personas y familia,,diccionario wiwa
Sáquelo,Atunsha,Verbos,,diccionario wiwa
Verb: Hacer,Awa,Verbos,,diccionario wiwa
Entonces,Awantika,Conectores / determinantes,,diccionario wiwa
Pero,Awashkʉ,Conectores / determinantes,115 Palabras,diccionario wiwa
Vomitar,Awazhi,Verbos,,diccionario wiwa
Después,Awemdzi,Tiempo / días / clima,115 Palabras,diccionario wiwa
Entonces,Awerru,Adverbios / partículas,115 Palabras,diccionario wiwa
Desafrechar,Aweshi,Verbos,,diccionario wiwa
Diferente o malo,Azhí,Adjetivos,115 Palabras,diccionario wiwa
Maguey,Bi,Plantas / árboles / frutos,,diccionario wiwa
¿Dónde?,Bigu,Adverbios / partículas,,diccionario wiwa
Dónde está,Bigu nukú,Adverbios / partículas,,diccionario wiwa
De dónde es (en segunda persona),Bigunzhana,Adverbios / partículas,,diccionario wiwa
¿De dónde viene?,Bigunzhi,Verbos,,diccionario wiwa
Piña,Bigʉrra,Plantas / árboles / frutos,,diccionario wiwa
Granadilla,Bikuku,Plantas / árboles / frutos,,diccionario wiwa
¿Cuál?,Bima,Conectores / determinantes,,diccionario wiwa
¿Por dónde?,Bimel,Verbos,,diccionario wiwa
Dónde,Bin,Adverbios / partículas,,diccionario wiwa
Para dónde vas,Bin mʉnayu,Adverbios / partículas,,diccionario wiwa
pasear,bina,Verbos,,Presente habitual parte 2
reunirse,binkuma,Verbos,,Presente habitual parte 2
Paseándolo,Binshʉnt,Verbos,,diccionario wiwa
¿Para dónde vas?,Bint mʉneka,Verbos,,diccionario wiwa
¿De dónde es? (en tercera persona),Binzhana,Verbos,,diccionario wiwa
Paseando en otro lugar (lejos),Binʉn,Verbos,,diccionario wiwa
Chicharra,Bio,Animales,,diccionario wiwa
Rallar,Bisi,Verbos,,diccionario wiwa
Rallar,Bitakwaga,Verbos,,diccionario wiwa
¿Cuánto?,Biun,Conectores / determinantes,,diccionario wiwa
Paseando en el mismo lugar,Bizhi,Verbos,,diccionario wiwa
Gavilán negro,Bosoli,Animales,,diccionario wiwa
Claro,Bou,Otros,,diccionario wiwa
Chinchorro,Bu,Casa / objetos / herramientas,,diccionario wiwa
Pajarilla,Bududu,Animales,,diccionario wiwa
Nunca,Buiengua,Adverbios / partículas,115 Palabras,diccionario wiwa
En la mañana,Bukue,Tiempo / días / clima,115 Palabras,diccionario wiwa
De mañana,Bukwe,Tiempo / días / clima,,diccionario wiwa
germinar,buna,Verbos,,Presente habitual parte 2
Hablar,Bungwingʉma,Verbos,,diccionario wiwa
Cuenta blanca,Bunkwamaya,Adjetivos,,diccionario wiwa
Frijol rosado,Bunshalikuega,Plantas / árboles / frutos,,diccionario wiwa
Avispa,Bunski,Animales,,diccionario wiwa
Naciendo,Bunʉnt,Verbos,,diccionario wiwa
Hirvió,Burkumá,Verbos,,diccionario wiwa
Algodón,Burruna,Plantas / árboles / frutos,,diccionario wiwa
Círculo que se le hace al sol.,Bursina,Naturaleza / geografía,,diccionario wiwa
Brisa,Burta,Naturaleza / geografía,,diccionario wiwa
Cargador de niños,Busa,Casa / objetos / herramientas,,diccionario wiwa
Hílelo,Bushi,Verbos,,diccionario wiwa
Hilar,Bushi,Verbos,,diccionario wiwa
Sobrina,Busi,Personas y familia,,diccionario wiwa
¿Cuándo?,Buye,Conectores / determinantes,,diccionario wiwa
Mucho,Bʉgui,Adverbios / partículas,115 Palabras,diccionario wiwa
Ceniza,Bʉnt,Otros,,diccionario wiwa
Búho,Bʉntgu,Animales,,diccionario wiwa
Bote,Bʉntutu,Casa / objetos / herramientas,,diccionario wiwa
Avispa rallada,Bʉnzisi,Animales,,diccionario wiwa
Rebatar,Chei,Verbos,,diccionario wiwa
Lleno,Chii,Adjetivos,,diccionario wiwa
Maleza,Chiwa,Naturaleza / geografía,,diccionario wiwa
En el monte,Chiwarga,Naturaleza / geografía,,diccionario wiwa
Verde,Chkili,Adjetivos,,diccionario wiwa
Pájaro adivino,Chkwa,Animales,,diccionario wiwa
Grande,Chkwega,Adjetivos,,diccionario wiwa
Ratón,Chkwi,Animales,,diccionario wiwa
Tierra,Chwi,Naturaleza / geografía,,diccionario wiwa
Sentimiento,Chwidwa,Sentimientos / estados,,diccionario wiwa
Piedra de pagamento,Chwinama,Cultura / tradición / espiritualidad,,diccionario wiwa
Pájaro corta corta,Dandami,Animales,,diccionario wiwa
Quebrar,Dashi,Verbos,,diccionario wiwa
Brinco,Din,Otros,,diccionario wiwa
Brincando,Din din,Otros,,diccionario wiwa
Armadillo,Du,Animales,,diccionario wiwa
"Materia, pus",Dua,Otros,,diccionario wiwa
Yarumbo,Duangana,Plantas / árboles / frutos,,diccionario wiwa
Corazón,Duawiga,Naturaleza / geografía,115 Palabras,diccionario wiwa
Sobrino,Duga,Personas y familia,,diccionario wiwa
Niño,Duga,Personas y familia,,diccionario wiwa
Cocinar,Dugua,Verbos,115 Palabras,diccionario wiwa
Caracol,Duguluma,Animales,,diccionario wiwa
Personaje ancestral,Dugunabi,Cultura / tradición / espiritualidad,,diccionario wiwa
No ha cocinado,Dugungwi,Verbos,,diccionario wiwa
Lo cocinó,Dugwa,Verbos,,diccionario wiwa
Cocínelo,Dugwa,Verbos,,diccionario wiwa
Ya se cocinó,Dugwá,Verbos,,diccionario wiwa
Corcoma,Dujkwi,Otros,,diccionario wiwa
Cucullo,Dujtú,Animales,,diccionario wiwa
Gallineta de monte,Dujunko,Animales,,diccionario wiwa
Paloma collareja,Duka,Animales,,diccionario wiwa
Gavilán,Dukanambu,Animales,,diccionario wiwa
Río,Dukshwi,Naturaleza / geografía,,diccionario wiwa
Exprimir,Dulizhi,Verbos,,diccionario wiwa
Tigre,Dumaga,Animales,,diccionario wiwa
León,Dumaganzisi,Animales,,diccionario wiwa
Algo importante a nivel personal,Dumama,Sentimientos / estados,,diccionario wiwa
jugar,dumeguma,Verbos,,Presente habitual parte 2
Algo que sirve,Dunga,Otros,,diccionario wiwa
Murciélago,Dungu,Animales,,diccionario wiwa
Pluma,Dungʉla,Otros,,diccionario wiwa
Comején,Durru,Animales,,diccionario wiwa
Caracol de mar,Dusha,Animales,,diccionario wiwa
Gavilán sigarronero,Dushambu,Animales,,diccionario wiwa
Ataque (enfermedad),Dushushu,Sentimientos / estados,,diccionario wiwa
Conchita de mar,Dusinúa,Otros,,diccionario wiwa
Cocinando,Duzhi,Verbos,,diccionario wiwa
Póngalo ahí,Dwa,Verbos,,diccionario wiwa
Tercera (mochila),Dwadu,Casa / objetos / herramientas,,diccionario wiwa
Ambira,Dwambizhi,Cultura / tradición / espiritualidad,,diccionario wiwa
Objeto donde se guarda ambira,Dwamshi,Casa / objetos / herramientas,,diccionario wiwa
Madre del agua y peces,Dzesa,Cultura / tradición / espiritualidad,,diccionario wiwa
Mazamorra,Dzibi,Alimentos,,diccionario wiwa
Caldo,Dzibinsi,Alimentos,,diccionario wiwa
Mar,Dzibu,Naturaleza / geografía,,diccionario wiwa
Material de pagamento,Dzibunbarra,Cultura / tradición / espiritualidad,,diccionario wiwa
Pez agujeta,Dzibunkali,Animales,,diccionario wiwa
Pedacito de carne,Dzidzi,Alimentos,,diccionario wiwa
Agua,Dzira,Naturaleza / geografía,,diccionario wiwa
Garza,Dzona,Animales,,diccionario wiwa
Día,Dzuia,Tiempo / días / clima,115 Palabras,diccionario wiwa
Jehová siempre está contigo.,Dzuia zhʉntki Jehovága mawin Nuka.,Ánimo,Frases de ánimo,diccionario wiwa
Dinero,Dzwi,Otros,,diccionario wiwa
Día,Dzwia,Tiempo / días / clima,,diccionario wiwa
Se quebró,Dʉ,Verbos,,diccionario wiwa
Piedra de afilar,Dʉm,Casa / objetos / herramientas,,diccionario wiwa
Fuerza,Dʉma,Otros,,diccionario wiwa
Poporo,Dʉmburru,Cultura / tradición / espiritualidad,,diccionario wiwa
Nieve,Dʉmgʉna,Tiempo / días / clima,,diccionario wiwa
"Lenguaje, frailejón",Dʉmʉna,Plantas / árboles / frutos,,diccionario wiwa
Garganta,Gana,Partes del cuerpo,,diccionario wiwa
Parte superior del cuello,Gana kusha,Partes del cuerpo,,diccionario wiwa
Comer,Gant,Verbos,,diccionario wiwa
Ave sagrada,Gañulu,Animales,,diccionario wiwa
Tripa,Gashina,Partes del cuerpo,,diccionario wiwa
hacer o crear,gawa,Verbos,,Presente habitual parte 2
Señorita,Gaya,Personas y familia,,diccionario wiwa
Candelal,Ge,Naturaleza / geografía,,diccionario wiwa
Material de pagamento (fruta),Golá,Cultura / tradición / espiritualidad,,diccionario wiwa
Material de pagamento (nido de araña),Golbuntú,Cultura / tradición / espiritualidad,,diccionario wiwa
Guasalé,Gomʉla,Cultura / tradición / espiritualidad,,diccionario wiwa
Decir,Guaka,Verbos,115 Palabras,diccionario wiwa
Mano,Gula,Partes del cuerpo,,diccionario wiwa
Tragar,Gulu,Verbos,,diccionario wiwa
Culebra,Guma,Animales,,diccionario wiwa
Comunidad,Gumana,Personas y familia,,diccionario wiwa
Ayudar,guneka,Verbos,,diccionario wiwa
Consejo,Gwama,Otros,,diccionario wiwa
"Cortar, relajar",Gweshi,Verbos,,diccionario wiwa
Tío,Gwia,Personas y familia,,diccionario wiwa
Hijo,Gʉma,Personas y familia,,diccionario wiwa
Niños y niñas,Gʉmtshina,Personas y familia,115 Palabras,diccionario wiwa
La mayoría,Iambamdzindzina,Conectores / determinantes,115 Palabras,diccionario wiwa
Mismo,Iangui,Otros,115 Palabras,diccionario wiwa
Trabajo,Iba,Trabajo / oficios,,diccionario wiwa
Una sola vez,Ibinaki,Adverbios / partículas,,diccionario wiwa
Sapito rallado,Ibulu,Animales,,diccionario wiwa
Trabajar,Ibʉneka,Verbos,,diccionario wiwa
Trabajando,Ibʉneshi,Verbos,,diccionario wiwa
Como,Ie,Conectores / determinantes,115 Palabras,diccionario wiwa
Telaraña del humo,Iga,Cultura / tradición / espiritualidad,,diccionario wiwa
Despacio,Igabi,Adverbios / partículas,,diccionario wiwa
Bastante,Igin,Adverbios / partículas,,diccionario wiwa
Ojo de pescado,Igisi,Partes del cuerpo,,diccionario wiwa
Acá,Igu,Adverbios / partículas,,diccionario wiwa
Maraca,Igʉna,Casa / objetos / herramientas,,diccionario wiwa
Tejer la boca de la mochila,Ijcha,Verbos,,diccionario wiwa
Aliñar la sopa,Ijchi,Verbos,,diccionario wiwa
Cincuenta (50),Ijchigwaugwa,Números,,diccionario wiwa
Risa,Ijchima,Sentimientos / estados,,diccionario wiwa
Reír,Ijchimʉn,Verbos,,diccionario wiwa
Nueve (9),Ijkagwa,Números,,diccionario wiwa
Noventa (90),Ijkagwaugwa,Números,,diccionario wiwa
Defender,Ijkway,Verbos,,diccionario wiwa
Sacar semilla,Ijkwi,Verbos,,diccionario wiwa
Ellos,Ijkʉna,Pronombres,,diccionario wiwa
Diablo,Ijkʉnushi,Cultura / tradición / espiritualidad,,diccionario wiwa
Abril,Ijl,Tiempo / días / clima,,diccionario wiwa
Sobre algo,Ijpa ushi,Adverbios / partículas,,diccionario wiwa
Agárrelo,Ijpana,Verbos,,diccionario wiwa
Poner algo (objeto),Ijpazhi,Verbos,,diccionario wiwa
Debajo,Ijtamarga,Adverbios / partículas,,diccionario wiwa
Montado,Ijte,Adjetivos,,diccionario wiwa
Poner,Ijtleshi,Verbos,,diccionario wiwa
Móntese,Ijtuna,Verbos,,diccionario wiwa
Ya subió,Ijtuna,Verbos,,diccionario wiwa
subirse,ijtuna,Verbos,,Presente habitual parte 2
Examinar,Ijtwega,Verbos,,diccionario wiwa
Habla mucho,Ika,Verbos,,diccionario wiwa
Dijo,Ika,Verbos,,diccionario wiwa
Éste,Ima,Pronombres,,diccionario wiwa
Esto,Ima,Conectores / determinantes,115 Palabras,diccionario wiwa
Este mismo,Imangwi,Conectores / determinantes,,diccionario wiwa
Así,Imé,Adverbios / partículas,,diccionario wiwa
Por aquí,Imei,Adverbios / partículas,,diccionario wiwa
Dar la vuelta,Imeshl,Verbos,,diccionario wiwa
Mame viejo,Imi,Plantas / árboles / frutos,,diccionario wiwa
Tome,Imi,Verbos,,diccionario wiwa
Este,Imu,Conectores / determinantes,,diccionario wiwa
Pájaro chue,Imʉn,Animales,,diccionario wiwa
Aquí,Imʉna,Adverbios / partículas,,diccionario wiwa
Avalancha,Ina,Naturaleza / geografía,,diccionario wiwa
Volvió a retoñar,Inbunantka,Naturaleza / geografía,,diccionario wiwa
Hacer crecer el poporo,Inbunshi,Verbos,,diccionario wiwa
Retoñar,Inbuzhi,Verbos,,diccionario wiwa
Volando,Indiga,Verbos,,diccionario wiwa
Otro,Indua,Conectores / determinantes,,diccionario wiwa
Encima del otro (objeto),Indwa,Adverbios / partículas,,diccionario wiwa
Un día,Indzwi,Tiempo / días / clima,,diccionario wiwa
Elaborando,Ingabi,Verbos,,diccionario wiwa
Arrecostado,Ingaguma,Adjetivos,,diccionario wiwa
Moche un pedacito,Inge,Verbos,,diccionario wiwa
Acerca de,Ingegua,Adverbios / partículas,115 Palabras,diccionario wiwa
Corte,Ingeshi,Verbos,,diccionario wiwa
"Móchelo, córtelo",Ingey,Verbos,,diccionario wiwa
Piedra,Ingina,Naturaleza / geografía,,diccionario wiwa
Le pone algo al otro animal (huevo),Ingoga,Verbos,,diccionario wiwa
Quitó,Ingugá,Verbos,,diccionario wiwa
Vaya quíteselo,Ingugaya,Verbos,,diccionario wiwa
Quítelo,Ingugu,Verbos,,diccionario wiwa
De nuevo,Ingui,Tiempo / días / clima,115 Palabras,diccionario wiwa
Y,Ingui,Otros,115 Palabras,diccionario wiwa
Camino,Inguna,Naturaleza / geografía,,diccionario wiwa
El otro,Ingwinka,Conectores / determinantes,,diccionario wiwa
Quitar,Ingʉgun,Verbos,,diccionario wiwa
Aquí adentro,Int,Adverbios / partículas,,diccionario wiwa
Hormiga,Inzha,Animales,,diccionario wiwa
Pagar,Inzhabi,Verbos,,diccionario wiwa
Pasó,Inzhaksi,Verbos,,diccionario wiwa
¿Cómo?,Inzhina,Adverbios / partículas,,diccionario wiwa
¿Por qué?,Inzhwe,Adverbios / partículas,,diccionario wiwa
Gasa de mochila sencilla,Irinsi,Casa / objetos / herramientas,,diccionario wiwa
Yuca,Irrugwa,Plantas / árboles / frutos,,diccionario wiwa
Semilla de yuca,Irugwanduna,Plantas / árboles / frutos,,diccionario wiwa
Cuidado,Is,Sentimientos / estados,,diccionario wiwa
Muerto,Isa,Adjetivos,,diccionario wiwa
Mariposa,Isakubi,Animales,,diccionario wiwa
Una noche,Ishe,Tiempo / días / clima,,diccionario wiwa
Dos noches,Ishe,Tiempo / días / clima,,diccionario wiwa
bajar,iuna,Verbos,,Presente habitual parte 2
Ensartar,Iushi,Verbos,,diccionario wiwa
Coser,Iushʉnt,Verbos,,diccionario wiwa
Hoy,Iwa,Tiempo / días / clima,,diccionario wiwa
Pena,Iwá,Sentimientos / estados,,diccionario wiwa
Ahora,Iwa,Tiempo / días / clima,115 Palabras,diccionario wiwa
Hoy vamos a aprender mucho.,Iwa bʉgui shindzunkurra.,Reuniones,Vocabulario para las reuniones,diccionario wiwa
Hoy aprendimos mucho.,Iwa bʉgui shindzunkurra.,Reuniones,Vocabulario para las reuniones,diccionario wiwa
Hoy otra vez estamos juntos qué bonito.,"Iwa ingui nʉnzhu nukurra, zukuega nʉnka.",Reuniones,Vocabulario para las reuniones,diccionario wiwa
Me dio pena,Iwá namsi,Sentimientos / estados,,diccionario wiwa
Ahora veamos el video.,Iwa wideo tunkurra.,Reuniones,Vocabulario para las reuniones,diccionario wiwa
Ahora vamos a orar.,Iwa ʉnkashizhunkurra.,Reuniones,Vocabulario para las reuniones,diccionario wiwa
Ahora en adelante,Iwamzhi,Adverbios / partículas,,diccionario wiwa
Ahora mismo,Iwangwl,Adverbios / partículas,,diccionario wiwa
Casi se cae,Iwata,Sentimientos / estados,,diccionario wiwa
Casi,Iwata,Adverbios / partículas,115 Palabras,diccionario wiwa
A veces,Iwinarru,Tiempo / días / clima,115 Palabras,diccionario wiwa
Abra,Ja,Verbos,,diccionario wiwa
Se secó,Jáná,Verbos,,diccionario wiwa
No se ha secado,Janungwi,Verbos,,diccionario wiwa
Secando,Janʉn,Verbos,,diccionario wiwa
Jehová te dará fuerzas.,Jehová bʉgui dʉma mikawa awʉnka.,Ánimo,Frases de ánimo,diccionario wiwa
Jehová te ama mucho.,Jehová bʉgui mugunga.,Ánimo,Frases de ánimo,diccionario wiwa
Jehová te cuidará.,Jehová dumamʉjtua awʉnka.,Ánimo,Frases de ánimo,diccionario wiwa
Jehová está contento por ustedes.,Jehová zen zhiguazhi nuka mawitʉjka.,Reuniones,Vocabulario para las reuniones,diccionario wiwa
Creció,Jiná,Verbos,,diccionario wiwa
crecer,jina,Verbos,,Presente habitual parte 2
Para criarlo,Jinshega,Verbos,,diccionario wiwa
Secarlo,Jinshegwa,Verbos,,diccionario wiwa
No crece,Jinún,Verbos,,diccionario wiwa
No crece,Jinunka,Verbos,,diccionario wiwa
Está creciendo,Jinʉnté,Verbos,,diccionario wiwa
Gritar,Jó,Verbos,,diccionario wiwa
Bañando,Jobi,Verbos,,diccionario wiwa
Báñelo,Jokwa,Verbos,,diccionario wiwa
Lo bañaste,Jokwá,Verbos,,diccionario wiwa
Para bañarlo,Jokwega,Verbos,,diccionario wiwa
bañarse,joma,Verbos,,Presente habitual parte 2
Bañarse,Jomʉn,Verbos,,diccionario wiwa
Copey (palo),Jona,Plantas / árboles / frutos,,diccionario wiwa
Bañarlo,Josha,Verbos,,diccionario wiwa
Hay que bañarlo,Josha kwaga,Verbos,,diccionario wiwa
Secarlo,Junshega,Verbos,,diccionario wiwa
Cucaracha,Kada,Animales,,diccionario wiwa
Caña,Kalusi,Plantas / árboles / frutos,,diccionario wiwa
Planada,Kamke,Naturaleza / geografía,,diccionario wiwa
Papaya,Kamu,Plantas / árboles / frutos,,diccionario wiwa
Territorio (tierra),Kangʉma,Naturaleza / geografía,,diccionario wiwa
Arracacha,Kashi,Plantas / árboles / frutos,,diccionario wiwa
Cielo,Katshijkiama,Naturaleza / geografía,115 Palabras,diccionario wiwa
Familia,Kawa,Personas y familia,,diccionario wiwa
Amigo,Kawa,Personas y familia,115 Palabras,diccionario wiwa
Bienvenidos hermanos.,Kawandzina zumé naka múkuie.,Reuniones,Vocabulario para las reuniones,diccionario wiwa
Luego,Kewa,Adverbios / partículas,,diccionario wiwa
Solo,Ki,Adjetivos,115 Palabras,diccionario wiwa
Propio,Kinki,Adjetivos,,diccionario wiwa
llegar,kinkuma,Verbos,,Presente habitual parte 2
Diente,Kka,Partes del cuerpo,,diccionario wiwa
Cortar,Ko,Verbos,,diccionario wiwa
Afi: ya se cocinó,Koná,Verbos,,diccionario wiwa
Lengua,Kongʉla,Partes del cuerpo,,diccionario wiwa
No se ha cocinado,Konungwi,Verbos,,diccionario wiwa
Pelear y cortar,Koshi,Verbos,,diccionario wiwa
Cortando,Koshʉnt,Verbos,,diccionario wiwa
Espina,Kozi,Partes del cuerpo,,diccionario wiwa
Grapa,Kpʉ,Casa / objetos / herramientas,,diccionario wiwa
Pies,Ksa,Partes del cuerpo,,diccionario wiwa
Acompañado,Ksó,Adjetivos,,diccionario wiwa
Zapato,Ksokwa,Casa / objetos / herramientas,,diccionario wiwa
O,Kua,Otros,115 Palabras,diccionario wiwa
nacer,kuaguma,Verbos,,Presente habitual parte 2
vivir,kuai,Verbos,,Presente habitual parte 2
"Señor, que no hace parte de la familia (de mujer a hombre)",Kugu,Personas y familia,,diccionario wiwa
Siete (7),Kugwa,Números,,diccionario wiwa
Setenta (70),Kugwaugwa,Números,,diccionario wiwa
Joven,Kuima,Otros,115 Palabras,diccionario wiwa
despertarse,kujpina,Verbos,,Presente habitual parte 2
Arco iris,Kumesa,Naturaleza / geografía,,diccionario wiwa
Jovencita,Kumi,Personas y familia,,diccionario wiwa
Muchos,Kuminsha,Adverbios / partículas,115 Palabras,diccionario wiwa
Diccionario,Kwazhigʉnkway,Casa / objetos / herramientas,,diccionario wiwa
Cavando,Kwi,Verbos,,diccionario wiwa
Que cava,Kwiga,Verbos,,diccionario wiwa
Joven,Kwima,Personas y familia,,diccionario wiwa
Ardilla,Kwindumaga,Animales,,diccionario wiwa
Cuenta-collar,Kwinta,Casa / objetos / herramientas,,diccionario wiwa
Martica,Kwinuba,Animales,,diccionario wiwa
Axila,Kwinzi,Partes del cuerpo,,diccionario wiwa
Carrumba,Kwinzinzi,Otros,,diccionario wiwa
Bailando,Kwiʉnt,Verbos,,diccionario wiwa
Año,Kʉgui,Tiempo / días / clima,115 Palabras,diccionario wiwa
Cerca,Kʉjsuí,Adverbios / partículas,115 Palabras,diccionario wiwa
Zorro guacharo,Kʉlkʉloba,Animales,,diccionario wiwa
Zorro,Kʉlkʉloba,Animales,,diccionario wiwa
Así es,Kʉmʉná,Adverbios / partículas,,diccionario wiwa
Leña,Kʉn,Naturaleza / geografía,,diccionario wiwa
Todo,Kʉngui,Conectores / determinantes,115 Palabras,diccionario wiwa
Guandú,Kʉñishta,Plantas / árboles / frutos,,diccionario wiwa
Montaña,Kʉnkʉna,Naturaleza / geografía,,diccionario wiwa
Banco tradicional,Kʉnogwa,Cultura / tradición / espiritualidad,,diccionario wiwa
Perro,Kʉnsi,Animales,,diccionario wiwa
Plátano,Kʉntana,Plantas / árboles / frutos,,diccionario wiwa
Guanábana,Kʉnzhishi,Plantas / árboles / frutos,,diccionario wiwa
Frutas,Kʉnzhiwa,Plantas / árboles / frutos,,diccionario wiwa
Tiene,Kʉnʉnka,Otros,115 Palabras,diccionario wiwa
Primero,Kʉskʉna,Otros,115 Palabras,diccionario wiwa
Dormir,Kʉwa,Verbos,115 Palabras,diccionario wiwa
Cesar,Lalá,Naturaleza / geografía,,diccionario wiwa
Huele,Leé,Verbos,,diccionario wiwa
Carne,Lema,Alimentos,,diccionario wiwa
Nombre tradicional,Luabiku,Cultura / tradición / espiritualidad,,diccionario wiwa
Nombre tradicional,Lukuisi,Cultura / tradición / espiritualidad,,diccionario wiwa
Usted,Ma,Pronombres,,diccionario wiwa
Tú,Ma,Pronombres,,diccionario wiwa
Llorar,Mabí,Verbos,,diccionario wiwa
Ustedes,Mabi,Pronombres,,diccionario wiwa
Se enredó,Magumá,Verbos,,diccionario wiwa
Alimento-comida grande,Maguma,Alimentos,,diccionario wiwa
Cataneja,Magʉrra,Otros,,diccionario wiwa
Ratón silvestre,Magʉrruma,Animales,,diccionario wiwa
Tres (3),Maigwa,Números,,diccionario wiwa
Treinta (30),Maigwaugwa,Números,,diccionario wiwa
Pasado tres días,Maje,Tiempo / días / clima,,diccionario wiwa
Pasado cuatro días,Make,Tiempo / días / clima,,diccionario wiwa
Cuatro (4),Makegwa,Números,,diccionario wiwa
Cuarenta (40),Makegwaugwa,Números,,diccionario wiwa
Del otro lado,Makezhi,Adverbios / partículas,,diccionario wiwa
Se quedó,Makumá,Verbos,,diccionario wiwa
Quedarse,Makuma,Verbos,,diccionario wiwa
Cilantro,Mamsiga,Plantas / árboles / frutos,,diccionario wiwa
Arriba,Mandamba,Adverbios / partículas,115 Palabras,diccionario wiwa
Tú también,Mangwa,Pronombres,,diccionario wiwa
Tuyo,Manzhe,Conectores / determinantes,115 Palabras,diccionario wiwa
Déjelo,Mashi,Verbos,,diccionario wiwa
Chucho,Matu,Animales,,diccionario wiwa
Babilla,Matua,Animales,,diccionario wiwa
Llorando,Mawá,Verbos,,diccionario wiwa
Ustedes,Mawi,Pronombres,115 Palabras,diccionario wiwa
En,Mba,Otros,115 Palabras,diccionario wiwa
Está guardando,Medzi,Verbos,,diccionario wiwa
Allá,Meku,Adverbios / partículas,,diccionario wiwa
Ese o esa,Mema,Conectores / determinantes,115 Palabras,diccionario wiwa
Así,Memé,Adverbios / partículas,115 Palabras,diccionario wiwa
Mujer,Mena,Personas y familia,,diccionario wiwa
Abejón,Menku,Animales,,diccionario wiwa
Mosquito mono,Merru,Animales,,diccionario wiwa
Batata,Mesu,Plantas / árboles / frutos,,diccionario wiwa
Guáimaro,Mewa,Plantas / árboles / frutos,,diccionario wiwa
Limpia casa,Mezhi,Verbos,,diccionario wiwa
Cebolín,Michinokwa,Plantas / árboles / frutos,,diccionario wiwa
Apúrese,Mija,Verbos,,diccionario wiwa
Ahí,Mimi,Adverbios / partículas,,diccionario wiwa
Allí,Mimi,Adverbios / partículas,115 Palabras,diccionario wiwa
Gato,Misi,Animales,,diccionario wiwa
Dos (2),Moa,Números,,diccionario wiwa
Veinte (20),Moa ugwa,Números,,diccionario wiwa
Dos veces,Mobina,Adverbios / partículas,,diccionario wiwa
Material del mar que representa a la mujer,Mogawa,Cultura / tradición / espiritualidad,,diccionario wiwa
Pasado mañana,Mogi,Tiempo / días / clima,,diccionario wiwa
Lombriz,Mogwa,Animales,,diccionario wiwa
Nube,Moña,Naturaleza / geografía,,diccionario wiwa
Guayaba,Mongwi,Plantas / árboles / frutos,,diccionario wiwa
Te quiero.,Muguarga,Ánimo,115 Palabras,diccionario wiwa
te quiero,muguarga,,,115 palabras
Te digo,Muguia,Verbos,115 Palabras,diccionario wiwa
Malanga,Mundzhi,Plantas / árboles / frutos,,diccionario wiwa
Araña,Munkwa,Animales,,diccionario wiwa
Antier,Munzhizhi,Tiempo / días / clima,,diccionario wiwa
Camaleón,Murrunsa,Animales,,diccionario wiwa
Pulga,Mʉjchi,Animales,,diccionario wiwa
Te vi,Mʉjtwá,Verbos,,diccionario wiwa
Lulo,Mʉnmʉnawa,Plantas / árboles / frutos,,diccionario wiwa
Naranja,Mʉnsʉsa,Plantas / árboles / frutos,,diccionario wiwa
Iguana,Mʉsa,Animales,,diccionario wiwa
Pasa arroyo,Mʉstali,Verbos,,diccionario wiwa
Él,Na,Pronombres,,diccionario wiwa
Nosotros,Nabi,Pronombres,,diccionario wiwa
Ir,Naia,Verbos,115 Palabras,diccionario wiwa
No tenemos,Naijknanuntka,Verbos,,diccionario wiwa
Adiós,Naiugá,Adverbios / partículas,115 Palabras,diccionario wiwa
Llegó,Naká,Verbos,,diccionario wiwa
Venir,Naka,Verbos,115 Palabras,diccionario wiwa
Venga,Naku,Verbos,,diccionario wiwa
No ha llegado,Nakungwi,Verbos,,diccionario wiwa
No vino,Nakuñi,Verbos,,diccionario wiwa
Porque,Name,Conectores / determinantes,115 Palabras,diccionario wiwa
Me duele,Namsi,Sentimientos / estados,,diccionario wiwa
Poder,Nanazhinga,Verbos,115 Palabras,diccionario wiwa
Me gusta,Nanduna,Sentimientos / estados,,diccionario wiwa
Me gustó,Nanduná,Sentimientos / estados,,diccionario wiwa
No quiero,Nandunun,Sentimientos / estados,,diccionario wiwa
No me gustó,Nandunuñí,Sentimientos / estados,,diccionario wiwa
No hay,Nanún,Verbos,,diccionario wiwa
De esto no hay,Nanuntka,Verbos,,diccionario wiwa
Camaleón verde,Narru,Animales,,diccionario wiwa
Huérfano,Nashi,Personas y familia,,diccionario wiwa
Varoncito,Naskwa,Personas y familia,,diccionario wiwa
Lejos,Nawaka,Adverbios / partículas,115 Palabras,diccionario wiwa
Nosotros,Nawi,Pronombres,115 Palabras,diccionario wiwa
Estamos contentos con ustedes.,Nawi zen zhiguazhi nukurra mawiwin.,Reuniones,Vocabulario para las reuniones,diccionario wiwa
Estamos contentos porque estamos aquí.,Nawi zen zhiguazhi nukurra umba mʉnukuame.,Reuniones,Vocabulario para las reuniones,diccionario wiwa
Nuestro,Nawinzhe,Conectores / determinantes,115 Palabras,diccionario wiwa
Se fue,Nayá,Verbos,,diccionario wiwa
No vaya,Nayuki,Verbos,,diccionario wiwa
No se ha ido,Nayungwi,Verbos,,diccionario wiwa
Caminar,Neka,Verbos,,diccionario wiwa
hacer,neka / awa / gawa,,,115 palabras
Hacer,Neka/awa/gawa,Verbos,115 Palabras,diccionario wiwa
Vete,Neme,Verbos,,diccionario wiwa
Quien,Nene,Pronombres,,diccionario wiwa
Mujer blanca,Nengʉla,Personas y familia,,diccionario wiwa
Véndalo,Nesha,Verbos,,diccionario wiwa
Lo vendió,Neshá,Verbos,,diccionario wiwa
Vender,Neshi,Verbos,,diccionario wiwa
No lo vendió,Neshuñí,Verbos,,diccionario wiwa
Ají picante,Newa,Plantas / árboles / frutos,,diccionario wiwa
¿Qué?,Ñi,Adverbios / partículas,,diccionario wiwa
Frijol marcuio,Ñingokwa,Plantas / árboles / frutos,,diccionario wiwa
Nada,Ñingwa,Adverbios / partículas,,diccionario wiwa
Color amarillo quemado,Nola,Adjetivos,,diccionario wiwa
Pan de yuca,Nozi,Alimentos,,diccionario wiwa
Me dice,Nuguia,Verbos,115 Palabras,diccionario wiwa
Padre de los alimentos,Ñulua,Cultura / tradición / espiritualidad,,diccionario wiwa
Oropel,Nuluka,Animales,,diccionario wiwa
Sal,Nungu,Alimentos,,diccionario wiwa
Está ahí,Nushi,Verbos,,diccionario wiwa
No tengo,Nʉjkʉnanun,Verbos,,diccionario wiwa
Gavilán grande,Nʉjpua,Animales,,diccionario wiwa
Si hay,Nʉn-ñi,Verbos,,diccionario wiwa
Verdad,Nʉnai,Verbos,115 Palabras,diccionario wiwa
Nutria,Nʉndumaga,Animales,,diccionario wiwa
Es,Nʉnka,Verbos,115 Palabras,diccionario wiwa
Tomate de árbol,Nʉnka Zhiwa,Plantas / árboles / frutos,,diccionario wiwa
Animales salvajes,Nʉnkama,Animales,,diccionario wiwa
Alguno,Nʉnkarru,Conectores / determinantes,115 Palabras,diccionario wiwa
sí,on / akʉñí,,,115 palabras
Sí,On/akʉñí,Otros,115 Palabras,diccionario wiwa
Puesto,Pa,Otros,,diccionario wiwa
Saíno,Pakila,Animales,,diccionario wiwa
Le pegaron,Pakumá,Verbos,,diccionario wiwa
Le pegan,Pakuma,Verbos,,diccionario wiwa
Alverja,Palokwa,Plantas / árboles / frutos,,diccionario wiwa
Pegar,Pashi,Verbos,,diccionario wiwa
Tender,Pazhʉn,Verbos,,diccionario wiwa
Recoger,Pekumá,Verbos,,diccionario wiwa
Recoger,Peshi,Verbos,,diccionario wiwa
Arroyo,Pewí,Naturaleza / geografía,,diccionario wiwa
Cabecita negra,Pirshona,Animales,,diccionario wiwa
Explotar,Pish,Verbos,,diccionario wiwa
Parió (animal),Pishá,Verbos,,diccionario wiwa
Caldero,Pondo,Casa / objetos / herramientas,,diccionario wiwa
Se quemó,Puná,Verbos,,diccionario wiwa
Cucho,Pusi,Personas y familia,,diccionario wiwa
Amargo,Pʉj,Adjetivos,,diccionario wiwa
Yo,Ra,Pronombres,,diccionario wiwa
Mi hermana mayor,Ranzasi,Personas y familia,,diccionario wiwa
Mi,Ranzhe,Conectores / determinantes,115 Palabras,diccionario wiwa
Mío,Ranzhe,Conectores / determinantes,115 Palabras,diccionario wiwa
Mi hermana menor,Ranzhibusi,Personas y familia,,diccionario wiwa
Mi hija,Ranzhibʉnguma,Personas y familia,,diccionario wiwa
Hermano menor,Ranzhiduga,Personas y familia,,diccionario wiwa
Prima (o),Ranzhihkawa,Personas y familia,,diccionario wiwa
Hermano mayor,Ranzhingwia,Personas y familia,,diccionario wiwa
Mi hijo,Ranzhingʉma,Personas y familia,,diccionario wiwa
Mi hijo,Ranzhʉngʉma,Personas y familia,115 Palabras,diccionario wiwa
Encima,Ruamba,Adverbios / partículas,115 Palabras,diccionario wiwa
Derecho (lugar),Saa,Adverbios / partículas,,diccionario wiwa
Luna,Saga,Naturaleza / geografía,,diccionario wiwa
Mujer conocedora y orientadora de la manera que el Mamo,Saga,Cultura / tradición / espiritualidad,,diccionario wiwa
Medio fondo (ropa interior),Sagaleja,Casa / objetos / herramientas,,diccionario wiwa
Indígena Kogui,Saja,Personas y familia,,diccionario wiwa
Loro,Sankwi,Animales,,diccionario wiwa
Grano,Sawa,Otros,,diccionario wiwa
Embarazo avanzado,Se kuega,Sentimientos / estados,,diccionario wiwa
Tengo frío,Se namsi,Sentimientos / estados,,diccionario wiwa
Piedra negra (carbón),Sekwichi,Naturaleza / geografía,,diccionario wiwa
Silencio,Sen nukwau,Adverbios / partículas,,diccionario wiwa
Nadando,Senu,Verbos,,diccionario wiwa
Chipaca,Senze,Plantas / árboles / frutos,,diccionario wiwa
Padre creador,Serankwa,Cultura / tradición / espiritualidad,,diccionario wiwa
Preparo,Sewa,Verbos,,diccionario wiwa
Péinese,Sha angwi,Verbos,,diccionario wiwa
Cuento,Sha gnengí,Otros,,diccionario wiwa
Se tiñó,Sha gumá,Verbos,,diccionario wiwa
¿Qué hizo mal?,Sha shi,Verbos,,diccionario wiwa
Ayer,Shaie,Tiempo / días / clima,115 Palabras,diccionario wiwa
Macanito tradicional,Shakana,Cultura / tradición / espiritualidad,,diccionario wiwa
Historia,Shama,Otros,,diccionario wiwa
Camisa tradicional,Shamarra,Casa / objetos / herramientas,,diccionario wiwa
Soltero – Soltera,Shamaya,Sentimientos / estados,,diccionario wiwa
Le pegó cacho (en tercera persona),Shamnka,Verbos,,diccionario wiwa
Cabeza,Shamunku,Partes del cuerpo,,diccionario wiwa
Cabello negro,Shamʉkshi,Partes del cuerpo,,diccionario wiwa
comprar,shana,Verbos,,Presente habitual parte 2
Ya compraste,Shana muye,Verbos,,diccionario wiwa
Ya compré,Shana ukwin,Verbos,,diccionario wiwa
Hay que comprar,Shanakwaga,Verbos,,diccionario wiwa
Canas,Shanbʉnshi,Partes del cuerpo,,diccionario wiwa
Comprar,Shanega,Verbos,,diccionario wiwa
Achiote,Shanka,Plantas / árboles / frutos,,diccionario wiwa
Hace rato,Shant,Tiempo / días / clima,,diccionario wiwa
Hace rato,Shantgwi,Tiempo / días / clima,,diccionario wiwa
Que lo va a comprar,Shanʉnka,Verbos,,diccionario wiwa
Ayer,Shaye,Tiempo / días / clima,,diccionario wiwa
Teñir,Shazhi,Verbos,,diccionario wiwa
Tiñendo,Shazhʉnt,Verbos,,diccionario wiwa
Cabello rojo,Shazisi,Partes del cuerpo,,diccionario wiwa
Haciendo el mal,Shechwí,Verbos,,diccionario wiwa
De tarde,Shefazhl,Tiempo / días / clima,,diccionario wiwa
Antes de la creación del mundo,Shekangwi,Cultura / tradición / espiritualidad,,diccionario wiwa
De noche,Sheku,Tiempo / días / clima,,diccionario wiwa
Mula,Shekʉnogwa,Animales,,diccionario wiwa
A media noche,Shembúa,Tiempo / días / clima,,diccionario wiwa
Cuando no se ha realizado los trabajos espirituales,Shemke,Cultura / tradición / espiritualidad,,diccionario wiwa
A media noche,Shemkʉna,Tiempo / días / clima,,diccionario wiwa
caerse,shena,Verbos,,Presente habitual parte 2
Cuidado se cae,Shend kwariñ,Sentimientos / estados,,diccionario wiwa
Se cae,Shenda,Verbos,,diccionario wiwa
Se cayó,Shendá,Verbos,,diccionario wiwa
Temblor,Shendukwa,Naturaleza / geografía,,diccionario wiwa
Machete,Sherra,Casa / objetos / herramientas,,diccionario wiwa
Cuchillo,Sherrangʉma,Casa / objetos / herramientas,,diccionario wiwa
Alambre,Shershina,Casa / objetos / herramientas,,diccionario wiwa
Que le da rabia,Sheshé,Sentimientos / estados,,diccionario wiwa
Anocheció,Shetaná,Tiempo / días / clima,,diccionario wiwa
En la tarde,Shetazhi,Tiempo / días / clima,115 Palabras,diccionario wiwa
Que hizo el mal,Shetuá,Verbos,,diccionario wiwa
Hacer el mal,Shetuka,Verbos,,diccionario wiwa
Material negativo,Shetuzhi,Cultura / tradición / espiritualidad,,diccionario wiwa
Cheva,Shewa,Otros,,diccionario wiwa
Hico o cabuya,Shi,Casa / objetos / herramientas,,diccionario wiwa
Noche,Shia,Tiempo / días / clima,115 Palabras,diccionario wiwa
Amarrar,Shiate,Verbos,,diccionario wiwa
Amarró (en tercera persona),Shiatentka,Verbos,,diccionario wiwa
Amárrelo,Shiateshi,Verbos,,diccionario wiwa
Desnutrido,Shibi,Sentimientos / estados,,diccionario wiwa
Frijol rojo pintado,Shibikʉla,Plantas / árboles / frutos,,diccionario wiwa
Calima,Shibikʉla,Tiempo / días / clima,,diccionario wiwa
Hilando,Shibushʉn,Verbos,,diccionario wiwa
Mañana,Shigi,Tiempo / días / clima,,diccionario wiwa
Indígena Wiwa,Shihká,Personas y familia,,diccionario wiwa
Fríjoles,Shihta,Alimentos,,diccionario wiwa
Fríjol rojo,Shihta ʉnzisi,Plantas / árboles / frutos,,diccionario wiwa
Pájaro adivino,Shikwa,Animales,,diccionario wiwa
Amarrador (en persona),Shilashl,Personas y familia,,diccionario wiwa
Armaron persona,Shilishl,Verbos,,diccionario wiwa
"Cigarrón, grillo",Shima,Animales,,diccionario wiwa
Malanga morá,Shimela,Plantas / árboles / frutos,,diccionario wiwa
Sereno,Shimota,Naturaleza / geografía,,diccionario wiwa
Mariposa grande,Shimunkwalo,Animales,,diccionario wiwa
Tuma,Shimʉna,Casa / objetos / herramientas,,diccionario wiwa
Lo está engañando(a) (en tercera persona),Shimʉnga,Verbos,,diccionario wiwa
Manila,Shimʉnkʉla,Casa / objetos / herramientas,,diccionario wiwa
Jorobado,Shinshí,Adjetivos,,diccionario wiwa
Corchar la cabuya,Shinshi,Verbos,,diccionario wiwa
Se ahorcó,Shinʉnte,Verbos,,diccionario wiwa
Esconder,Shishá,Verbos,,diccionario wiwa
Lo lleva escondido,Shishamka,Verbos,,diccionario wiwa
Lo escondió,Shishantka,Verbos,,diccionario wiwa
Frijol negro tradicional,Shishirrawa,Plantas / árboles / frutos,,diccionario wiwa
Familia numerosa,Shishnala,Personas y familia,,diccionario wiwa
Maracuyá,Shitunua,Plantas / árboles / frutos,,diccionario wiwa
Vena,Shiwana,Partes del cuerpo,,diccionario wiwa
Persona,Shka,Personas y familia,,diccionario wiwa
Gente,Shka,Personas y familia,115 Palabras,diccionario wiwa
Una o uno,Shkua,Conectores / determinantes,115 Palabras,diccionario wiwa
Canal (tradicional hecha con mepa de plátano - macana),Shokʉna,Cultura / tradición / espiritualidad,,diccionario wiwa
Flor,Shoma,Plantas / árboles / frutos,,diccionario wiwa
Burbujear,Shomashoma,Verbos,,diccionario wiwa
Para palear,Shoshega,Verbos,,diccionario wiwa
Paleando,Shoshi,Verbos,,diccionario wiwa
Palear,Shoshi,Verbos,,diccionario wiwa
Pala,Shoshka,Casa / objetos / herramientas,,diccionario wiwa
Paleando,Shoshʉnt,Verbos,,diccionario wiwa
Pisar,Shou,Verbos,,diccionario wiwa
Calabazo,Shu,Casa / objetos / herramientas,,diccionario wiwa
Robustico,Shú,Adjetivos,,diccionario wiwa
Uno (1),Shuhkua,Números,,diccionario wiwa
Personaje que sostiene la tierra,Shuhkwakʉla,Cultura / tradición / espiritualidad,,diccionario wiwa
Pito hediondo,Shukwakwa,Otros,,diccionario wiwa
Lo tumbó,Shunshá,Verbos,,diccionario wiwa
Tumbarlo,Shunsha,Verbos,,diccionario wiwa
Resbalar,Shur,Verbos,,diccionario wiwa
Cántaro (tradicional con cacho),Shushana,Cultura / tradición / espiritualidad,,diccionario wiwa
Para fritar,Shushega,Verbos,,diccionario wiwa
Fritar,Shushʉnt,Verbos,,diccionario wiwa
Tostar,Shushʉnt,Otros,,diccionario wiwa
Se derramó algo líquido,Shwakumá,Verbos,,diccionario wiwa
Derramándose,Shwakumʉm,Verbos,,diccionario wiwa
Para derramar (en primera persona),Shwashega,Verbos,,diccionario wiwa
Botar líquido,Shwashi,Verbos,,diccionario wiwa
Chucho de agua,Sibijchwirra,Otros,,diccionario wiwa
Último,Siga,Adjetivos,115 Palabras,diccionario wiwa
Ratón,Simulkwezhi,Animales,,diccionario wiwa
Encuero (persona),Sindumili,Otros,,diccionario wiwa
Gavilán pegador,Sirika,Animales,,diccionario wiwa
Señor que no hace parte de la familia (de hombre a hombre),Sizi,Verbos,,diccionario wiwa
Verano,Ski,Tiempo / días / clima,,diccionario wiwa
Aguja,Skina,Otros,,diccionario wiwa
Cogió,So,Verbos,,diccionario wiwa
Niña,Soma,Personas y familia,,diccionario wiwa
Niña,Sozhi,Personas y familia,,diccionario wiwa
Cójalo,Sozí,Pronombres,,diccionario wiwa
Palmito,Su,Plantas / árboles / frutos,,diccionario wiwa
Desnudo (a nivel general),Suba,Otros,,diccionario wiwa
Uso,Sugʉla,Adverbios / partículas,,diccionario wiwa
Carpintero,Suku,Otros,,diccionario wiwa
Majagua,Sula,Plantas / árboles / frutos,,diccionario wiwa
Anzuelo,Sumi,Pronombres,,diccionario wiwa
Mochila,Suzu,Casa / objetos / herramientas,,diccionario wiwa
Cuchara,Swirina,Casa / objetos / herramientas,,diccionario wiwa
Encontrar,Sʉgasha,Verbos,115 Palabras,diccionario wiwa
Limón,Sʉsko,Plantas / árboles / frutos,,diccionario wiwa
Seis (6),Tainua,Números,,diccionario wiwa
Sesenta (60),Tainuaugwa,Números,,diccionario wiwa
Tirar (cazar),Taya,Verbos,,diccionario wiwa
Tiró (cazar),Tayá,Verbos,,diccionario wiwa
Tirando (cazar),Tayʉnt,Verbos,,diccionario wiwa
Cascabel,Tenzhaku,Otros,,diccionario wiwa
Rosa huerta,Terga,Plantas / árboles / frutos,,diccionario wiwa
Hombre,Terrua,Personas y familia,,diccionario wiwa
Páralo,Teshi,Pronombres,,diccionario wiwa
Oscuro,Toj,Adjetivos,,diccionario wiwa
Por favor,Tshui nuguana ushi,Adverbios / partículas,115 Palabras,diccionario wiwa
Conocer o ver,Tua,Verbos,115 Palabras,diccionario wiwa
Seno,Tudu,Partes del cuerpo,,diccionario wiwa
Mosquito,Tun,Animales,,diccionario wiwa
No lo conozco,Tunarga,Pronombres,,diccionario wiwa
Dejar algo quieto,Tusha,Otros,,diccionario wiwa
Mostrar,Tushisha,Verbos,,diccionario wiwa
Mirando,Tuʉn,Otros,,diccionario wiwa
Lo viste,Twa muye,Pronombres,,diccionario wiwa
Preguntando si lo vio,Twa uyé,Pronombres,,diccionario wiwa
No se puede ver,Twabintka,Otros,,diccionario wiwa
Caliente,Tʉgui anzhʉnga,Adjetivos,115 Palabras,diccionario wiwa
Sudor,U,Partes del cuerpo,,diccionario wiwa
Gorgojo,Ubi,Animales,,diccionario wiwa
respirar,ubina,Verbos,,Presente habitual parte 2
Espuma,Udu,Otros,,diccionario wiwa
Pensar,Uguana,Verbos,115 Palabras,diccionario wiwa
Se le dice a él,Uguia,Verbos,115 Palabras,diccionario wiwa
Diez (10),Ugwa,Números,,diccionario wiwa
Pensar,Ugwana,Verbos,,diccionario wiwa
Piénselo,Ugwana ushi,Pronombres,,diccionario wiwa
Pensando,Ugwanʉn,Otros,,diccionario wiwa
Labio,Ugʉla,Partes del cuerpo,,diccionario wiwa
Afuera,Ujkunarga,Adverbios / partículas,115 Palabras,diccionario wiwa
Paja,Ujta,Otros,,diccionario wiwa
Hortalizas,Ujtamashi,Plantas / árboles / frutos,,diccionario wiwa
Enfermedad,Ukuama,Sentimientos / estados,115 Palabras,diccionario wiwa
Cosa,Ukuia,Otros,115 Palabras,diccionario wiwa
Pava,Ulami,Animales,,diccionario wiwa
Mojarra,Uli,Animales,,diccionario wiwa
Aquí,Umba,Adverbios / partículas,115 Palabras,diccionario wiwa
Tomate,Uminduli,Plantas / árboles / frutos,,diccionario wiwa
Palo para teñir (color morado),Una,Verbos,,diccionario wiwa
Llevándolo,Unai,Pronombres,,diccionario wiwa
¿Ya lo trajo?,Unaká,Verbos,,diccionario wiwa
Tráigalo,Unaku,Pronombres,,diccionario wiwa
Llévelo,Une,Pronombres,,diccionario wiwa
Oficina,Unguma,Casa / objetos / herramientas,,diccionario wiwa
En la oficina,Ungumarga,Casa / objetos / herramientas,,diccionario wiwa
Bigote,Unza,Otros,,diccionario wiwa
Casa,Urraga,Casa / objetos / herramientas,,diccionario wiwa
Mejilla,Urrata,Partes del cuerpo,,diccionario wiwa
Pensamiento,Urruama,Otros,,diccionario wiwa
Mala señal,Urruma,Adjetivos,,diccionario wiwa
Barba,Urrusha,Otros,,diccionario wiwa
Haciendo,Ushi,Verbos,,diccionario wiwa
Guartinaja,Uski,Animales,,diccionario wiwa
Guara,Uski,Animales,,diccionario wiwa
Respirar,Uvizhi,Verbos,,diccionario wiwa
Sardina pequeña,Wabʉnshi,Animales,,diccionario wiwa
Pez,Waka,Animales,,diccionario wiwa
Onzita,Wakabinka,Otros,,diccionario wiwa
Danta,Waliwali,Animales,,diccionario wiwa
Abajo,Wanarga,Adverbios / partículas,115 Palabras,diccionario wiwa
Rey,Wanawana,Cultura / tradición / espiritualidad,,diccionario wiwa
Guacao,Wanko,Otros,,diccionario wiwa
Feo,Wantuhkwia,Otros,,diccionario wiwa
Mapurito,Washa,Animales,,diccionario wiwa
Soplar,Weshi,Verbos,,diccionario wiwa
Sóplelo,Weshu,Pronombres,,diccionario wiwa
Abanico,Wewena,Casa / objetos / herramientas,,diccionario wiwa
Calor,Wi,Otros,115 Palabras,diccionario wiwa
Venado,Wima,Animales,,diccionario wiwa
con,win / nʉn,,,115 palabras
Con,Win/nʉn,Conectores / determinantes,115 Palabras,diccionario wiwa
Gente de tierra caliente,Wiwa,Personas y familia,,diccionario wiwa
Meter algo (objeto),Ya,Verbos,,diccionario wiwa
No hable así,Yabinka,Otros,,diccionario wiwa
Hay que hablar,Yakwaga,Verbos,,diccionario wiwa
Ahí mismo,Yambaki,Adverbios / partículas,,diccionario wiwa
Allí (cerca),Yami,Adverbios / partículas,,diccionario wiwa
Algo mareado,Yamií,Adjetivos,,diccionario wiwa
También,Yangwa,Adverbios / partículas,,diccionario wiwa
Dijimos,Yantkurra,Otros,,diccionario wiwa
Hablo por otro,Yashe,Personas y familia,,diccionario wiwa
Esperando,Yatuʉn,Adverbios / partículas,,diccionario wiwa
Allá (lejos),Yeku,Adverbios / partículas,,diccionario wiwa
Jalar,Yen yen,Verbos,,diccionario wiwa
Voy bajando,Yurrugá,Verbos,,diccionario wiwa
Bajando,Yuzhi,Otros,,diccionario wiwa
Quiere vomitar,Yʉh,Verbos,,diccionario wiwa
Todo,Yʉl,Otros,,diccionario wiwa
Maíz,Yʉm,Plantas / árboles / frutos,,diccionario wiwa
Lanudo,Zandu,Adjetivos,,diccionario wiwa
Feliz,Zen zhiguana,Sentimientos / estados,115 Palabras,diccionario wiwa
Gracias,Zen zhiguarru,Otros,115 Palabras,diccionario wiwa
Oso hormiguero,Zenze,Animales,,diccionario wiwa
Comer,Zha,Verbos,,diccionario wiwa
Números,Zhadama,Números,,diccionario wiwa
Dónde come?,Zhaganba,Verbos,,diccionario wiwa
Amor,Zhaguanama,Sentimientos / estados,115 Palabras,diccionario wiwa
Hacer las cosas a propósito,Zhakujchingwi,Verbos,,diccionario wiwa
Muy,Zhakʉjtsha,Adverbios / partículas,115 Palabras,diccionario wiwa
Comida,Zhama,Alimentos,,diccionario wiwa
Qué canta?,Zhameka,Verbos,,diccionario wiwa
Semilla,Zhanduna,Plantas / árboles / frutos,,diccionario wiwa
Ya sucedió,Zhaneká,Verbos,,diccionario wiwa
Presentimiento,Zhaneka,Sentimientos / estados,,diccionario wiwa
Sucedió en un tiempo,Zhanekwashka,Verbos,,diccionario wiwa
Caracolí,Zhangu,Animales,,diccionario wiwa
Comiendo,Zhant,Verbos,,diccionario wiwa
Sentido,Zhanunwal,Otros,,diccionario wiwa
Producir,Zhatuna,Verbos,,diccionario wiwa
¿Qué como?,Zhauga,Verbos,,diccionario wiwa
Corriendo,Zhazhʉnt,Verbos,,diccionario wiwa
Gusano,Zhi,Animales,,diccionario wiwa
Vivo,Zhigabiga,Sentimientos / estados,,diccionario wiwa
Se llama,Zhiganuka,Verbos,,diccionario wiwa
Pidiendo,Zhiganʉn,Verbos,,diccionario wiwa
Piensa,Zhigwana,Verbos,,diccionario wiwa
Condolencia,Zhigwazhi,Otros,,diccionario wiwa
Chismosear,Zhigwí,Verbos,,diccionario wiwa
Regalar,Zhikawa,Verbos,115 Palabras,diccionario wiwa
Sarna,Zhimaya,Otros,,diccionario wiwa
"Terminó, lo hizo",Zhingo,Verbos,,diccionario wiwa
Pónganse de pie para cantar.,Zhintgui ushau zhamaiega.,Reuniones,Vocabulario para las reuniones,diccionario wiwa
sonreír,zhishima,Verbos,,Presente habitual parte 2
Levántelo,Zhite,Verbos,,diccionario wiwa
Lluvia,Zhiwa,Tiempo / días / clima,,diccionario wiwa
Atrás – detrás,Zhiwarga,Adverbios / partículas,,diccionario wiwa
Huellerio,Zho,Otros,,diccionario wiwa
Correr,Zhwazhi,Verbos,,diccionario wiwa
Despacio,Zi,Adverbios / partículas,,diccionario wiwa
Bien,Zidua,Sentimientos / estados,,diccionario wiwa
Algo escondido,Zii,Sentimientos / estados,,diccionario wiwa
Crespo,Zimulo,Adjetivos,,diccionario wiwa
Bonito,Zukuega,Adjetivos,,diccionario wiwa
Bueno,Zukwia,Adjetivos,,diccionario wiwa
Bueno,Zumé,Otros,115 Palabras,diccionario wiwa
Lo estás haciendo bien.,Zumé nekʉn mʉnuka,Ánimo,Frases de ánimo,diccionario wiwa
"Con calma, contento",Zunana,Adverbios / partículas,,diccionario wiwa
Hola,Zungui,Adverbios / partículas,115 Palabras,diccionario wiwa
Buenas,Zungwi,Adverbios / partículas,,diccionario wiwa
Positivo,Zuntka,Adjetivos,,diccionario wiwa
¿dónde?,¿bigu?,Conectores / determinantes,115 Palabras,diccionario wiwa
¿cuál?,¿bima?,Conectores / determinantes,115 Palabras,diccionario wiwa
¿cuándo?,¿buie?,Conectores / determinantes,115 Palabras,diccionario wiwa
¿Esto que te enseña acerca de Jehová?,¿Ima ñi shimʉjkʉndza Jehová ingegua?,Reuniones,Vocabulario para las reuniones,diccionario wiwa
¿Esto que te enseña?,¿Ima ñi shimʉjkʉndza?,Reuniones,Vocabulario para las reuniones,diccionario wiwa
¿cómo?,¿inzhina?,Otros,115 Palabras,diccionario wiwa
¿por qué?,¿inzhué?,Conectores / determinantes,115 Palabras,diccionario wiwa
¿Quién más?,¿Nene agʉñi?,Reuniones,Vocabulario para las reuniones,diccionario wiwa
¿Quién quiere leer?,¿Nene anduna asheshishega?,Reuniones,Vocabulario para las reuniones,diccionario wiwa
¿Quién quiere leer?,¿Nene asheshishʉnegi amsi?,Reuniones,Vocabulario para las reuniones,diccionario wiwa
¿quién?,¿nene?,Otros,115 Palabras,diccionario wiwa
¿nenenzhe?,¿nenenzhe?,Otros,115 Palabras,diccionario wiwa
¿de quién? (probable),¿nenenzhe?,,sin traducción en la fuente; inferido del sufijo posesivo -nzhe (ranzhe/manzhe/nawinzhe),115 palabras
¿Qué vamos a aprender?,¿Ñi shindzunkurra?,Reuniones,Vocabulario para las reuniones,diccionario wiwa
¿qué?,¿ñi?,Conectores / determinantes,115 Palabras,diccionario wiwa
Un poquitico,Ʉ-gʉma,Adverbios / partículas,,diccionario wiwa
Muñeca de la mano,Ʉjcha,Partes del cuerpo,,diccionario wiwa
Cinco (5),Ʉjchigwa,Números,,diccionario wiwa
Viejo,Ʉjtuna,Adjetivos,,diccionario wiwa
Culebra boquiadora,Ʉjtʉgwi,Animales,,diccionario wiwa
El viejo,Ʉjtʉnaga,Personas y familia,,diccionario wiwa
Que lo piensa,Ʉkʉgwana,Verbos,,diccionario wiwa
Está presente,Ʉmba,Sentimientos / estados,,diccionario wiwa
Nuevo,Ʉmsi,Adjetivos,,diccionario wiwa
Cierren los ojos para orar.,Ʉmʉmsui ʉnkashizhega.,Reuniones,Vocabulario para las reuniones,diccionario wiwa
Otro,Ʉndua,Adjetivos,115 Palabras,diccionario wiwa
Descansar,Ʉnkasesa,Verbos,115 Palabras,diccionario wiwa
Lo agarro,Ʉnkso,Verbos,,diccionario wiwa
Acompañándose,Ʉnkso,Verbos,,diccionario wiwa
Se dijeron,Ʉnkʉzhia,Verbos,,diccionario wiwa
Derrámelo,Ʉnte,Verbos,,diccionario wiwa
Reunido,Ʉnte,Otros,,diccionario wiwa
¿Estaban reunidos?,Ʉnte nushin,Verbos,,diccionario wiwa
Derramar granos,Ʉntei,Verbos,,diccionario wiwa
Derrámelo,Ʉnteshi,Verbos,,diccionario wiwa
